{
  "e2e_latency": {
    "min": 300.3598260000899,
    "max": 481.2865609999335,
    "mean": 390.7447817400043,
    "median": 390.64840650002,
    "std": 57.953580213661446,
    "p50": 400.32386799998676,
    "p95": 480.8366220000835,
    "p99": 481.2865609999335,
    "target_met": true,
    "target_value": 600,
    "num_samples": 50
  },
  "stage_latency": {
    "inbox": {
      "min": 170.2322410000079,
      "max": 171.29465400000754,
      "mean": 170.77849688000242,
      "median": 170.78417049998507,
      "std": 0.3328724861840977,
      "p50": 170.82261600000948,
      "p95": 171.2664770000174,
      "p99": 171.29465400000754
    },
    "preprocessing": {
      "min": 185.1996569999983,
      "max": 186.33856999997533,
      "mean": 185.76950873999294,
      "median": 185.70804050000334,
      "std": 0.3229358550596415,
      "p50": 185.733488999972,
      "p95": 186.27471199999945,
      "p99": 186.33856999997533
    },
    "classification": {
      "min": 155.20160599999144,
      "max": 156.29057700004978,
      "mean": 155.68140227999493,
      "median": 155.66517849998718,
      "std": 0.2957547158932432,
      "p50": 155.6749270000637,
      "p95": 156.20660599995517,
      "p99": 156.29057700004978
    },
    "extraction": {
      "min": 125.22354199995789,
      "max": 126.21914799990464,
      "mean": 125.60176947999025,
      "median": 125.53300549996038,
      "std": 0.2794836786660698,
      "p50": 125.53420599999754,
      "p95": 126.20316099992124,
      "p99": 126.21914799990464
    },
    "validation": {
      "min": 110.24688300005892,
      "max": 111.27418399996714,
      "mean": 110.63023109998994,
      "median": 110.62148999997135,
      "std": 0.2545161901292074,
      "p50": 110.62654399995608,
      "p95": 111.21130100002574,
      "p99": 111.27418399996714
    },
    "routing": {
      "min": 185.21378500008723,
      "max": 186.27990700008468,
      "mean": 185.72702296000898,
      "median": 185.724053499996,
      "std": 0.2892223120446907,
      "p50": 185.72672699997383,
      "p95": 186.27156900004138,
      "p99": 186.27990700008468
    }
  },
  "concurrent_latency": {
    "1": {
      "min": 302,
      "max": 400,
      "mean": 351,
      "median": 351.0,
      "std": 29.154759474226502,
      "p50": 352,
      "p95": 396,
      "p99": 400
    },
    "10": {
      "min": 320,
      "max": 418,
      "mean": 369,
      "median": 369.0,
      "std": 29.154759474226502,
      "p50": 370,
      "p95": 414,
      "p99": 418
    },
    "50": {
      "min": 400,
      "max": 498,
      "mean": 449,
      "median": 449.0,
      "std": 29.154759474226502,
      "p50": 450,
      "p95": 494,
      "p99": 498
    },
    "100": {
      "min": 500,
      "max": 598,
      "mean": 549,
      "median": 549.0,
      "std": 29.154759474226502,
      "p50": 550,
      "p95": 594,
      "p99": 598
    }
  },
  "cold_vs_warm": {
    "cold_start": {
      "min": 500.2274749999742,
      "max": 771.260505999976,
      "mean": 635.6753477400025,
      "median": 635.5148280000549,
      "std": 87.04251417661189,
      "p50": 650.2907120000145,
      "p95": 770.8661859999211,
      "p99": 771.260505999976
    },
    "warm_cache": {
      "min": 200.52343600002587,
      "max": 291.1490550000053,
      "mean": 245.6471688600027,
      "median": 245.69014599995853,
      "std": 29.01152187492251,
      "p50": 250.39422800000466,
      "p95": 290.64371599997685,
      "p99": 291.1490550000053
    },
    "speedup": 2.587757679805712
  },
  "metadata": {
    "timestamp": "2025-11-19T15:41:32.790137",
    "simulation_mode": true,
    "hostname": "runsc",
    "cpu_count": 16,
    "memory_gb": 13.0
  }
}